Player,O_POSSESSIONS,O_RAPM_2022,D_POSSESSIONS,D_RAPM_2022,TOTAL_POSSESSIONS,RAPM_2022
HOME,241871,2.15,0,0,241871,2.15
Dwight Powell,2840,2.34,2848,0.49,5688,2.83
Mo Bamba,1543,0.65,1548,0.1,3091,0.75
Alec Burks,2323,1.51,2315,0.02,4638,1.53
Shaquille Harrison,255,0.31,253,0.05,508,0.36
Romeo Langford,1747,-0.87,1766,-0.09,3513,-0.96
Luke Kennard,2662,1.54,2640,0.5,5302,2.04
Precious Achiuwa,2261,0.69,2258,-1.46,4519,-0.77
Mac McClung,89,0.06,90,0.38,179,0.44
David Roddy,2569,-0.55,2602,-1.18,5171,-1.73
Brandon Ingram,3100,0.57,3108,0.12,6208,0.69
Jaylen Brown,4931,0.0,4924,0.15,9855,0.15
Jayson Tatum,5554,2.76,5548,0.38,11102,3.13
Sandro Mamukelashvili,1344,-0.36,1329,-0.84,2673,-1.2
Ryan Rollins,127,-0.95,128,0.03,255,-0.92
Lester Quinones,39,0.03,40,0.13,79,0.16
Ty Jerome,1673,0.05,1670,-1.51,3343,-1.46
Dillon Brooks,4541,-0.78,4553,1.63,9094,0.84
Tari Eason,3624,-0.15,3632,0.95,7256,0.8
Aaron Wiggins,2645,0.25,2692,-0.06,5337,0.19
Buddy Hield,5158,0.95,5116,-0.12,10274,0.83
Corey Kispert,4186,-0.24,4165,-1.48,8351,-1.72
Jaylin Williams,1889,-0.61,1894,-0.92,3783,-1.53
Darius Days,51,0.03,51,0.07,102,0.1
Patrick Beverley,3660,-0.93,3694,-0.01,7354,-0.94
Jaren Jackson Jr.,3698,1.54,3693,1.75,7391,3.29
Deni Avdija,4012,0.56,4048,-0.09,8060,0.47
Keita Bates-Diop,3025,-0.59,3045,0.07,6070,-0.52
Josh Green,3052,0.35,3046,0.65,6098,1.0
Amir Coffey,1265,-1.32,1266,-0.19,2531,-1.51
Isaiah Stewart,2910,-0.48,2899,0.29,5809,-0.19
Xavier Sneed,98,-0.47,102,-0.06,200,-0.53
Dominick Barlow,844,-0.63,849,-0.5,1693,-1.12
Kevin Porter Jr.,4105,0.19,4097,-0.84,8202,-0.64
Jae Crowder,711,0.1,716,-0.16,1427,-0.06
Trey Murphy III,5005,-0.06,5003,-0.33,10008,-0.39
Max Strus,4522,-1.71,4493,-0.89,9015,-2.6
Jarrett Allen,4332,1.3,4325,1.1,8657,2.4
Isaiah Joe,2886,2.18,2817,-0.87,5703,1.31
Matt Ryan,666,0.33,655,0.05,1321,0.38
Anthony Lamb,2466,0.23,2458,0.14,4924,0.37
Jalen Williams,4709,-0.9,4727,0.32,9436,-0.58
Donovan Mitchell,4820,1.08,4757,0.21,9577,1.29
Jay Huff,207,0.33,209,-0.35,416,-0.01
Troy Brown Jr.,3838,-0.24,3833,-0.54,7671,-0.78
Franz Wagner,5302,0.49,5292,2.46,10594,2.95
Noah Vonleh,340,0.04,343,-0.52,683,-0.48
Ziaire Williams,1156,-1.21,1165,-0.66,2321,-1.87
Theo Maledon,1751,-0.4,1764,-1.03,3515,-1.43
Nicolas Batum,3483,1.24,3477,1.01,6960,2.25
Christian Wood,3382,0.91,3371,-1.74,6753,-0.83
Tyler Herro,4628,1.45,4589,0.75,9217,2.2
Sterling Brown,56,-0.08,58,0.05,114,-0.03
Kevon Looney,4021,2.29,4065,-0.09,8086,2.2
Dewayne Dedmon,860,-1.82,892,0.33,1752,-1.49
Devin Vassell,2473,-1.28,2465,-1.21,4938,-2.49
Braxton Key,20,-0.04,20,0.0,40,-0.04
Chris Duarte,1860,-0.6,1860,-0.66,3720,-1.26
Andrew Wiggins,2506,0.32,2516,0.64,5022,0.96
Vlatko Cancar,1765,-0.71,1769,-0.53,3534,-1.24
Jacob Gilyard,85,-0.11,87,-0.02,172,-0.13
Malik Monk,3610,-0.89,3597,0.33,7207,-0.56
Lindy Waters III,1114,0.55,1084,1.05,2198,1.6
Anthony Edwards,5870,0.35,5829,0.73,11699,1.08
Jrue Holiday,4562,2.12,4522,2.01,9084,4.13
Anthony Davis,3951,0.75,3950,2.46,7901,3.21
Jarrett Culver,284,-0.32,282,0.01,566,-0.31
Kawhi Leonard,3498,2.37,3497,1.08,6995,3.45
Aaron Holiday,1743,0.11,1761,0.65,3504,0.76
Kyle Lowry,3408,0.01,3398,1.03,6806,1.04
Norman Powell,3229,-1.82,3219,-0.65,6448,-2.47
Joe Ingles,2201,0.85,2187,-0.8,4388,0.04
Jose Alvarado,2680,0.1,2708,1.41,5388,1.51
Jimmy Butler,4210,1.6,4224,-0.66,8434,0.94
Darius Bazley,1246,-1.24,1269,0.54,2515,-0.7
Alize Johnson,60,0.07,61,0.3,121,0.37
Mason Plumlee,4180,0.78,4183,-1.8,8363,-1.02
Gabe Vincent,3489,-0.15,3513,0.27,7002,0.12
Myles Turner,3753,0.86,3747,0.17,7500,1.03
Mfiondu Kabengele,70,-0.03,67,-0.21,137,-0.24
Hamidou Diallo,2050,0.13,2065,1.55,4115,1.68
Kelly Olynyk,3969,0.91,3966,-0.34,7935,0.57
Mikal Bridges,5913,0.43,5920,0.05,11833,0.48
Saddiq Bey,4409,1.67,4405,-1.2,8814,0.47
Jerami Grant,4511,0.57,4497,-0.82,9008,-0.25
Herbert Jones,3930,1.36,3936,1.0,7866,2.36
Rodney McGruder,1080,0.45,1068,-0.01,2148,0.44
Meyers Leonard,234,0.13,234,-0.63,468,-0.5
Kemba Walker,269,-0.32,261,0.38,530,0.06
Zion Williamson,1981,0.79,1981,1.19,3962,1.98
Marvin Bagley III,1978,-0.7,1987,-0.41,3965,-1.1
Tyler Dorsey,14,-0.08,14,0.06,28,-0.02
Lindell Wigginton,180,-0.2,182,-0.42,362,-0.62
Devonte' Graham,2756,-1.3,2750,-0.69,5506,-1.99
Miles McBride,1493,-0.13,1530,0.89,3023,0.76
Isaac Okoro,3231,0.42,3293,0.33,6524,0.75
Christian Koloko,1627,0.01,1621,2.11,3248,2.11
MarJon Beauchamp,1431,-0.84,1450,-0.62,2881,-1.46
McKinley Wright IV,664,-1.26,675,-0.88,1339,-2.14
Markelle Fultz,3614,-0.84,3601,-0.11,7215,-0.95
Jalen McDaniels,3886,0.75,3916,-0.16,7802,0.59
Bryn Forbes,555,-0.24,558,-0.64,1113,-0.88
Luke Kornet,1628,-0.2,1641,0.08,3269,-0.12
Jalen Green,5310,0.27,5287,-1.24,10597,-0.97
Montrezl Harrell,1372,0.0,1384,0.47,2756,0.47
John Konchar,3073,0.74,3103,1.34,6176,2.08
Matthew Dellavedova,442,-1.06,453,0.18,895,-0.88
Damian Lillard,4257,2.94,4240,-0.86,8497,2.08
TyTy Washington Jr.,885,-0.72,881,0.49,1766,-0.23
Khris Middleton,1702,0.53,1685,0.25,3387,0.78
Duane Washington Jr.,785,-0.37,771,0.41,1556,0.03
Jordan Goodwin,2211,-1.02,2219,0.02,4430,-1.0
James Wiseman,1777,-1.24,1788,-2.39,3565,-3.63
Kendall Brown,95,-0.06,94,0.28,189,0.22
Jordan Clarkson,4055,1.07,4046,-0.96,8101,0.11
Christian Braun,2357,-1.18,2384,0.43,4741,-0.75
Xavier Tillman,2440,-1.15,2442,0.0,4882,-1.14
Aaron Nesmith,3738,0.61,3758,-2.0,7496,-1.39
Austin Rivers,2072,-0.64,2085,-1.29,4157,-1.93
Trey Lyles,2578,1.09,2565,-0.49,5143,0.6
Anfernee Simons,4329,-0.3,4330,-0.08,8659,-0.38
Jalen Duren,3377,-0.75,3374,-0.46,6751,-1.21
Jared Butler,158,-0.19,157,0.06,315,-0.13
Eric Gordon,4039,-0.28,4031,-0.32,8070,-0.6
Neemias Queta,64,-0.5,68,-0.17,132,-0.67
Jaden Hardy,1410,0.26,1393,-0.94,2803,-0.68
Jonas Valanciunas,4004,-0.4,4006,-0.35,8010,-0.75
Andrew Nembhard,4296,-0.39,4308,-1.42,8604,-1.81
Jarred Vanderbilt,3817,0.3,3851,-1.86,7668,-1.56
Jae'Sean Tate,1371,-0.51,1367,0.38,2738,-0.13
Jaylen Nowell,2641,-0.04,2612,0.03,5253,-0.01
Goran Dragic,1799,-0.04,1791,-1.0,3590,-1.04
Luguentz Dort,4726,1.02,4728,-0.01,9454,1.01
Tyrese Martin,126,0.06,126,-0.05,252,0.0
Lamar Stevens,2158,-0.5,2173,-0.59,4331,-1.08
Mamadi Diakite,331,-0.37,337,0.26,668,-0.1
Rui Hachimura,3026,-1.72,3041,1.21,6067,-0.51
Malachi Flynn,1368,-0.32,1368,-0.74,2736,-1.06
Daishen Nix,1857,-0.96,1857,-0.06,3714,-1.02
Tyrese Haliburton,3890,1.79,3880,-0.52,7770,1.27
T.J. McConnell,3173,0.08,3170,0.32,6343,0.4
Ish Wainright,1846,0.49,1856,0.94,3702,1.43
Justin Jackson,210,-1.24,217,-0.36,427,-1.6
Robert Covington,1585,-0.33,1578,0.53,3163,0.2
Trevor Keels,16,-0.26,18,-0.15,34,-0.41
Tim Hardaway Jr.,4229,1.99,4230,0.81,8459,2.8
Daniel Gafford,3200,0.09,3218,-0.5,6418,-0.41
Isaiah Mobley,164,-0.08,162,0.71,326,0.63
Josh Hart,4919,3.24,4896,1.01,9815,4.25
Rudy Gay,1675,0.05,1675,1.14,3350,1.19
Khem Birch,320,-0.07,324,0.37,644,0.3
Chance Comanche,42,-0.11,43,-0.56,85,-0.67
Saben Lee,760,-1.61,773,0.61,1533,-1.0
Shake Milton,3204,0.86,3195,0.29,6399,1.14
LeBron James,4070,2.13,4071,1.29,8141,3.42
Chris Silva,8,-0.03,8,0.06,16,0.03
Darius Garland,4812,1.89,4758,0.96,9570,2.84
Patrick Baldwin,462,-0.85,461,-0.24,923,-1.08
Georges Niang,3068,-0.45,3028,-0.2,6096,-0.65
Damian Jones,1017,-0.99,1002,-0.08,2019,-1.07
Paul George,3890,1.52,3871,0.74,7761,2.25
Derrick White,4702,1.87,4710,2.49,9412,4.36
Chris Boucher,3032,-0.93,3031,0.26,6063,-0.67
Caleb Martin,4095,-0.38,4136,0.91,8231,0.53
Josh Giddey,4910,-1.16,4878,-0.9,9788,-2.06
JD Davison,131,-0.18,130,-0.12,261,-0.3
Charles Bassey,1057,0.0,1056,0.56,2113,0.56
Bojan Bogdanovic,3868,0.91,3868,-1.22,7736,-0.3
Kessler Edwards,778,1.04,799,-0.4,1577,0.64
Moussa Diabate,399,-0.09,398,-0.33,797,-0.42
Orlando Robinson,830,0.31,838,0.67,1668,0.98
Pat Connaughton,2985,0.41,2999,-0.01,5984,0.4
Jusuf Nurkic,2809,-0.42,2792,0.54,5601,0.12
Xavier Moon,38,-0.14,37,0.24,75,0.09
DeMar DeRozan,5377,0.41,5390,0.89,10767,1.3
PJ Dozier,161,-0.57,161,-0.07,322,-0.63
Desmond Bane,3797,1.92,3798,1.33,7595,3.25
Juancho Hernangomez,1234,0.41,1231,-0.52,2465,-0.11
Johnny Davis,867,-1.85,858,0.63,1725,-1.22
Luka Samanic,347,0.08,349,0.4,696,0.48
Austin Reaves,3830,1.52,3841,0.83,7671,2.35
Ben Simmons,2224,0.48,2228,-0.05,4452,0.43
Gary Trent Jr.,4292,-1.12,4286,-0.53,8578,-1.65
Rudy Gobert,4348,-1.55,4348,1.49,8696,-0.06
Tony Bradley,75,0.04,74,0.11,149,0.15
Robert Williams III,1669,0.32,1669,1.32,3338,1.64
Stanley Johnson,973,0.61,989,-0.78,1962,-0.17
Thomas Bryant,2221,-0.43,2223,-0.95,4444,-1.38
Jason Preston,256,-0.02,253,-0.15,509,-0.17
Ochai Agbaji,2528,0.73,2540,-0.54,5068,0.18
Anthony Gill,1254,0.32,1264,0.06,2518,0.38
Xavier Cooks,276,0.28,276,0.15,552,0.43
Cameron Payne,1996,0.77,1966,-0.22,3962,0.55
Bradley Beal,3298,1.21,3285,-0.8,6583,0.4
Taurean Prince,2498,0.06,2503,-0.32,5001,-0.26
Sam Hauser,2652,0.55,2625,0.83,5277,1.38
Jake LaRavia,844,-0.61,853,-0.49,1697,-1.1
Kira Lewis Jr.,487,0.58,479,0.64,966,1.22
Kennedy Chandler,575,-0.74,570,-0.17,1145,-0.91
Kai Jones,1106,-0.24,1113,0.3,2219,0.06
Jalen Smith,2672,-0.26,2679,-0.19,5351,-0.45
Louis King,60,0.22,61,-0.15,121,0.07
Luka Doncic,4764,1.73,4727,-0.71,9491,1.02
Immanuel Quickley,4656,-0.55,4647,3.25,9303,2.7
R.J. Hampton,1502,-0.6,1510,-0.84,3012,-1.44
Terry Rozier,4510,0.15,4501,-0.67,9011,-0.52
Zach Collins,3043,-0.39,3038,0.15,6081,-0.24
Willy Hernangomez,956,-0.21,962,0.68,1918,0.47
Jericho Sims,1580,-1.35,1603,-0.59,3183,-1.94
Walker Kessler,3476,0.77,3508,0.78,6984,1.55
P.J. Tucker,3761,0.6,3776,-0.31,7537,0.28
Bam Adebayo,5136,0.44,5112,0.85,10248,1.29
Admiral Schofield,891,-0.89,890,-0.67,1781,-1.56
Jack White,119,-0.18,128,0.1,247,-0.07
Bobby Portis,3749,-0.22,3751,-1.19,7500,-1.41
Alperen Sengun,4423,1.27,4379,-1.37,8802,-0.1
Kevin Huerter,4511,1.77,4455,-0.57,8966,1.2
Davon Reed,690,-1.37,700,-0.2,1390,-1.57
Dereon Seabron,21,0.12,22,0.13,43,0.25
Day'Ron Sharpe,1135,-0.08,1127,-1.74,2262,-1.82
Kevin Knox II,1986,-1.85,1982,-0.45,3968,-2.3
Giannis Antetokounmpo,4225,2.04,4209,0.44,8434,2.48
Terence Davis,1759,0.12,1774,0.48,3533,0.6
Obi Toppin,2154,0.12,2167,-0.01,4321,0.11
Clint Capela,3602,1.16,3606,-0.5,7208,0.65
Naji Marshall,3638,0.04,3679,0.09,7317,0.13
Josh Minott,211,0.4,208,0.06,419,0.46
Juan Toscano-Anderson,1454,-1.81,1470,0.0,2924,-1.81
Julius Randle,5444,1.49,5446,-0.41,10890,1.08
John Butler Jr.,452,-0.67,454,-0.48,906,-1.14
Nikola Jokic,4753,3.99,4712,0.94,9465,4.93
D'Angelo Russell,4730,0.37,4701,0.01,9431,0.38
Michael Foster Jr.,2,-0.05,1,-0.02,3,-0.07
Kendrick Nunn,1985,-0.36,1988,-0.58,3973,-0.94
Scotty Pippen Jr.,64,-0.25,61,0.22,125,-0.03
Vit Krejci,328,0.06,325,-0.09,653,-0.03
Kenneth Lofton Jr.,352,-0.47,349,-0.78,701,-1.25
Brandon Boston Jr.,512,-0.4,503,-0.58,1015,-0.98
John Collins,4418,0.28,4420,-0.34,8838,-0.06
Ricky Rubio,1116,-1.04,1112,0.7,2228,-0.34
Al Horford,3904,1.22,3894,0.08,7798,1.3
De'Andre Hunter,4415,0.23,4425,-0.31,8840,-0.07
Furkan Korkmaz,724,-0.85,722,0.78,1446,-0.06
Luka Garza,525,1.08,512,-1.0,1037,0.08
Max Christie,1065,-1.09,1059,-0.27,2124,-1.36
Stanley Umude,4,0.06,4,0.02,8,0.08
Simone Fontecchio,1624,-1.63,1621,-1.81,3245,-3.44
Jalen Brunson,4738,2.53,4718,-1.47,9456,1.05
Cam Thomas,1931,0.06,1902,-0.37,3833,-0.31
Ousmane Dieng,1170,-0.19,1174,0.56,2344,0.37
Paolo Banchero,4935,-0.23,4929,-1.3,9864,-1.53
Bruno Fernando,811,-0.47,819,0.04,1630,-0.43
Oshae Brissett,2214,0.88,2220,0.4,4434,1.28
Eugene Omoruyi,1271,0.1,1271,-0.22,2542,-0.12
Chris Paul,3750,0.68,3737,0.14,7487,0.82
Jaxson Hayes,1241,-1.63,1254,0.29,2495,-1.34
Donovan Williams,8,0.08,9,0.1,17,0.18
Jalen Suggs,2567,-0.56,2547,0.18,5114,-0.38
Skylar Mays,404,-0.14,406,-0.82,810,-0.96
Johnny Juzang,491,-1.19,489,-0.43,980,-1.62
Lonnie Walker IV,2713,-1.68,2731,-1.68,5444,-3.36
Quentin Grimes,4213,1.5,4230,0.01,8443,1.51
Zach LaVine,5569,0.08,5569,0.66,11138,0.74
Deonte Burton,14,0.18,14,-0.05,28,0.13
Jeff Dowtin Jr.,498,0.1,506,-0.34,1004,-0.24
Deandre Ayton,4091,-0.85,4064,0.09,8155,-0.76
Svi Mykhailiuk,957,0.42,958,0.47,1915,0.88
Omer Yurtseven,172,0.36,167,-0.21,339,0.15
Michael Porter Jr.,3676,1.98,3642,0.17,7318,2.15
Kelly Oubre Jr.,3138,-1.07,3164,-0.62,6302,-1.69
Tyus Jones,3985,0.08,3978,-0.85,7963,-0.77
Markieff Morris,753,-0.17,760,0.16,1513,-0.01
Alex Caruso,3160,0.59,3155,2.51,6315,3.09
Justin Holiday,1478,-2.02,1490,-0.41,2968,-2.43
George Hill,1682,-0.74,1690,1.13,3372,0.38
Onyeka Okongwu,3798,0.54,3820,0.48,7618,1.02
Gordon Hayward,3252,-0.38,3255,1.48,6507,1.1
Ron Harper Jr.,94,0.16,91,0.12,185,0.28
Marcus Morris Sr.,3643,-0.5,3625,-0.17,7268,-0.67
James Bouknight,1058,-1.27,1075,0.17,2133,-1.1
Jaden Springer,185,-0.06,184,0.09,369,0.03
RaiQuan Gray,72,-0.07,72,-0.27,144,-0.34
Kenrich Williams,2447,0.56,2463,1.03,4910,1.59
Thaddeus Young,1579,-0.8,1589,-1.17,3168,-1.97
Bruce Brown,4571,-0.7,4563,-0.39,9134,-1.08
Gary Harris,2387,0.84,2392,-1.29,4779,-0.45
Ja Morant,4064,0.46,4058,1.35,8122,1.81
Bennedict Mathurin,4639,-0.45,4598,-0.73,9237,-1.18
Serge Ibaka,371,-0.82,360,0.04,731,-0.77
Kyle Anderson,4019,0.78,3992,0.17,8011,0.95
Nickeil Alexander-Walker,1825,-0.44,1826,0.0,3651,-0.44
Jeff Green,2192,-1.93,2196,-0.97,4388,-2.9
Nick Richards,2476,-0.33,2482,-0.07,4958,-0.4
Kevin Durant,3365,1.44,3362,1.37,6727,2.81
Boban Marjanovic,344,0.49,336,0.92,680,1.41
Cam Reddish,2038,-1.33,2040,-1.01,4078,-2.34
T.J. Warren,1422,-0.05,1414,0.87,2836,0.82
Micah Potter,113,-0.38,114,0.29,227,-0.09
Jeremiah Robinson-Earl,1690,0.62,1708,-0.65,3398,-0.03
Duncan Robinson,1380,-0.28,1377,-0.73,2757,-1.01
Marcus Smart,4002,0.98,4000,-0.22,8002,0.76
Dennis Schroder,4082,1.21,4102,0.95,8184,2.16
P.J. Washington,4886,-1.37,4896,-0.23,9782,-1.6
Naz Reid,2643,-1.18,2626,-0.56,5269,-1.74
O.G. Anunoby,4779,0.35,4758,1.3,9537,1.65
Landry Shamet,1647,-0.62,1635,1.05,3282,0.43
Daniel Theis,227,-0.23,224,-0.07,451,-0.3
Ryan Arcidiacono,360,-1.23,365,0.72,725,-0.51
Grant Williams,4117,0.18,4121,0.52,8238,0.7
Buddy Boeheim,179,-0.15,180,0.34,359,0.19
JaVale McGee,720,-0.98,719,0.34,1439,-0.63
Garrison Mathews,1403,-1.6,1414,1.24,2817,-0.36
Nikola Jovic,408,-0.29,410,0.12,818,-0.17
Nerlens Noel,407,-0.91,417,0.0,824,-0.91
Tyrese Maxey,3992,1.65,3971,-0.35,7963,1.29
Kevin Love,2502,-0.04,2480,0.18,4982,0.13
Maxi Kleber,1832,-0.95,1818,-0.02,3650,-0.97
Alondes Williams,12,-0.01,11,-0.05,23,-0.06
Devin Booker,3726,3.12,3699,-0.17,7425,2.95
Spencer Dinwiddie,5284,-0.24,5299,0.12,10583,-0.12
Evan Mobley,5319,0.58,5303,0.9,10622,1.48
Will Barton,1989,-2.05,1987,-0.53,3976,-2.58
Tre Jones,4116,0.49,4115,-1.24,8231,-0.75
Nathan Knight,622,-0.25,612,-0.33,1234,-0.58
Aleksej Pokusevski,1448,-1.75,1455,-1.52,2903,-3.27
Jamaree Bouyea,132,-0.01,133,-0.36,265,-0.37
Joel Embiid,4526,2.13,4511,1.94,9037,4.07
Bismack Biyombo,1725,0.06,1730,0.56,3455,0.62
Bryce McGowens,1617,-1.4,1633,-0.28,3250,-1.68
Moses Brown,594,0.56,593,0.27,1187,0.83
Dalen Terry,432,-0.58,432,0.49,864,-0.08
Kyle Kuzma,4478,0.07,4478,1.19,8956,1.26
Moritz Wagner,2276,-0.41,2265,0.38,4541,-0.02
Shai Gilgeous-Alexander,5047,2.11,5039,0.52,10086,2.63
Killian Hayes,4351,-1.82,4341,-0.85,8692,-2.67
Larry Nance Jr.,2778,1.15,2816,1.65,5594,2.8
James Harden,4184,2.14,4175,-0.33,8359,1.81
Matisse Thybulle,2452,-1.03,2473,1.67,4925,0.63
Usman Garuba,1973,-1.43,1987,-0.87,3960,-2.29
Derrick Rose,703,-0.85,710,0.12,1413,-0.73
Blake Wesley,1407,-1.49,1399,-0.89,2806,-2.38
Danuel House Jr.,1619,0.37,1642,-0.83,3261,-0.46
Kristaps Porzingis,4222,1.72,4203,0.19,8425,1.91
Damion Lee,3050,-1.0,3020,1.29,6070,0.29
Raul Neto,973,0.11,984,-0.19,1957,-0.08
Justin Minaya,191,-0.09,188,-0.26,379,-0.35
Jalen Johnson,2157,-0.42,2176,0.29,4333,-0.13
Aaron Gordon,4184,2.38,4168,1.15,8352,3.53
Santi Aldama,3479,-0.02,3474,-0.1,6953,-0.12
Jordan Poole,5186,-1.82,5146,0.2,10332,-1.62
Andre Iguodala,244,0.48,243,0.4,487,0.88
Isaiah Roby,996,-1.31,990,0.02,1986,-1.29
CJ McCollum,5368,1.18,5360,-0.75,10728,0.42
DeAndre Jordan,1176,-0.68,1178,-0.72,2354,-1.4
Collin Sexton,2354,0.61,2366,-1.14,4720,-0.52
Gabe York,116,0.4,113,0.0,229,0.4
Wesley Matthews,1692,0.06,1723,0.3,3415,0.36
Zeke Nnaji,1418,-2.35,1433,1.12,2851,-1.23
Patrick Williams,4646,-0.21,4703,-0.96,9349,-1.17
Danny Green,279,-0.44,277,-0.09,556,-0.53
Cade Cunningham,835,-0.08,839,0.05,1674,-0.03
Gorgui Dieng,733,-1.39,732,-0.92,1465,-2.31
Moses Moody,1704,0.07,1698,0.36,3402,0.43
JT Thor,1981,-1.82,2004,0.5,3985,-1.32
Jeenathan Williams,270,0.04,278,-0.29,548,-0.24
Monte Morris,3404,2.01,3405,-1.45,6809,0.55
Draymond Green,4835,1.6,4828,2.03,9663,3.63
Dorian Finney-Smith,3905,0.0,3921,0.25,7826,0.25
Thanasis Antetokounmpo,412,-1.01,416,-1.06,828,-2.07
Devon Dotson,104,-0.15,104,0.14,208,0.0
Payton Pritchard,1282,-1.1,1286,0.18,2568,-0.92
Jarrell Brantley,80,-0.01,78,0.34,158,0.33
Justise Winslow,1536,-0.66,1545,0.98,3081,0.31
Haywood Highsmith,1919,-1.61,1941,0.84,3860,-0.77
Frank Kaminsky,479,0.16,473,-0.29,952,-0.12
Trendon Watford,2386,-0.19,2397,-1.22,4783,-1.41
Russell Westbrook,4483,0.5,4487,-1.02,8970,-0.52
Caris LeVert,4393,-0.84,4388,1.08,8781,0.24
Wenyen Gabriel,2093,0.04,2136,0.2,4229,0.24
Keon Ellis,140,-0.32,137,-0.28,277,-0.6
Chima Moneke,16,-0.14,17,-0.07,33,-0.21
Royce O'Neale,4783,0.3,4811,0.67,9594,0.97
Isaiah Todd,126,-0.52,124,0.0,250,-0.52
Edmond Sumner,1512,0.01,1525,0.32,3037,0.33
Quenton Jackson,286,-0.32,283,-0.14,569,-0.46
Malik Beasley,4314,-0.94,4306,-1.33,8620,-2.27
De'Anthony Melton,4257,-0.16,4271,-0.23,8528,-0.39
Frank Jackson,9,-0.01,8,-0.04,17,-0.05
Theo Pinson,655,-0.18,670,-0.6,1325,-0.78
Josh Richardson,3162,-0.98,3181,0.44,6343,-0.54
Brook Lopez,4928,0.29,4934,2.82,9862,3.11
JaMychal Green,1688,-0.87,1698,-1.44,3386,-2.31
Cody Martin,271,0.06,272,-0.27,543,-0.21
Marko Simonovic,44,0.06,45,0.26,89,0.32
Ivica Zubac,4345,-0.19,4346,-0.03,8691,-0.22
Cedi Osman,3058,1.37,3043,0.41,6101,1.78
Justin Champagnie,65,0.15,64,-0.33,129,-0.18
Dalano Banton,564,-0.76,563,-0.15,1127,-0.91
Jordan Nwora,2446,-1.07,2474,-1.8,4920,-2.87
Bol Bol,3060,-1.56,3076,0.11,6136,-1.45
Terance Mann,3735,1.22,3750,-0.52,7485,0.7
Javonte Green,987,0.23,999,0.83,1986,1.06
Wendell Carter Jr.,3413,-0.66,3403,1.56,6816,0.9
Jordan Hall,171,-0.62,169,0.09,340,-0.53
De'Aaron Fox,5063,2.53,5041,-1.7,10104,0.82
AJ Green,709,-0.04,708,-0.63,1417,-0.67
Jeremy Sochan,3024,0.36,3025,-0.45,6049,-0.09
Jamal Cain,489,0.0,497,0.82,986,0.82
Talen Horton-Tucker,2728,-0.37,2732,0.51,5460,0.14
Jaden Ivey,4692,-2.27,4689,-2.23,9381,-4.5
Victor Oladipo,2194,-0.39,2197,0.0,4391,-0.39
Seth Curry,2446,-1.44,2430,-1.0,4876,-2.44
Tobias Harris,4802,0.5,4774,1.04,9576,1.54
Trae Young,5400,1.27,5347,-0.29,10747,0.98
Josh Christopher,1591,-1.11,1578,-2.01,3169,-3.12
Davis Bertans,972,-0.14,978,-0.47,1950,-0.61
Reggie Jackson,3305,-1.54,3295,0.51,6600,-1.03
Cameron Johnson,2385,0.77,2400,1.25,4785,2.02
Dean Wade,1741,-0.83,1757,1.99,3498,1.16
Greg Brown III,183,-0.86,183,0.74,366,-0.12
Carlik Jones,112,0.14,116,0.38,228,0.52
Dario Saric,1610,0.3,1599,0.34,3209,0.64
Karl-Anthony Towns,1977,-0.82,1958,0.4,3935,-0.41
Coby White,3504,1.74,3501,0.14,7005,1.88
Cole Swider,87,0.14,85,-0.05,172,0.09
Fred VanVleet,5086,1.45,5037,0.23,10123,1.68
Terry Taylor,552,0.24,552,0.16,1104,0.4
Bogdan Bogdanovic,3089,1.57,3084,-1.13,6173,0.44
Isaiah Hartenstein,3287,0.62,3278,0.38,6565,1.0
Derrick Jones Jr.,1804,0.56,1823,1.33,3627,1.89
Klay Thompson,4817,0.25,4787,-0.1,9604,0.15
Cole Anthony,3120,1.25,3130,-0.34,6250,0.9
Jordan Schakel,12,0.07,10,0.03,22,0.1
Scottie Barnes,5354,1.14,5346,0.9,10700,2.04
Keegan Murray,4912,0.77,4895,-1.18,9807,-0.4
Stephen Curry,4156,2.17,4114,0.0,8270,2.17
Josh Okogie,2686,0.1,2717,1.62,5403,1.72
Jamal Murray,4282,0.52,4256,-0.56,8538,-0.04
Alex Len,345,-0.42,345,0.76,690,0.34
Jay Scrubb,62,-0.13,61,-0.29,123,-0.42
Lauri Markkanen,4641,1.52,4640,1.03,9281,2.54
Wendell Moore Jr.,321,-0.66,327,-0.32,648,-0.98
Delon Wright,2443,0.98,2441,1.0,4884,1.98
Jonathan Isaac,246,-0.41,248,0.26,494,-0.14
Dejounte Murray,5553,-0.44,5559,-0.29,11112,-0.73
Mike Muscala,1963,1.43,1938,0.74,3901,2.17
Goga Bitadze,910,-0.23,913,1.16,1823,0.93
Facundo Campazzo,102,-0.28,103,0.45,205,0.17
Leandro Bolmaro,141,-0.3,139,0.31,280,0.01
John Wall,1555,-1.98,1567,0.01,3122,-1.97
Patty Mills,1188,-0.36,1165,-1.27,2353,-1.63
David Duke Jr.,463,-0.5,465,-0.01,928,-0.51
Garrett Temple,347,-0.64,353,0.23,700,-0.41
Robin Lopez,593,-1.19,595,-0.38,1188,-1.56
Ayo Dosunmu,4235,-1.9,4256,1.2,8491,-0.7
Mike Conley,4096,2.05,4084,-1.24,8180,0.8
Peyton Watson,369,-0.43,368,-0.22,737,-0.65
Malcolm Brogdon,3537,-0.1,3519,0.49,7056,0.39
Drew Eubanks,3180,0.15,3196,-0.68,6376,-0.53
Jonathan Kuminga,2900,-0.17,2906,-0.37,5806,-0.54
Vince Williams Jr.,215,-0.88,212,0.2,427,-0.68
Jock Landale,1999,0.33,1981,1.19,3980,1.52
Dylan Windler,18,-0.07,17,0.0,35,-0.07
Reggie Bullock,4615,-0.43,4601,-1.12,9216,-1.55
Joe Wieskamp,102,-0.4,105,0.48,207,0.07
Kentavious Caldwell-Pope,4863,1.73,4854,0.62,9717,2.35
Gary Payton II,732,1.29,739,-0.91,1471,0.38
Cory Joseph,2466,-0.05,2452,-0.36,4918,-0.41
Jakob Poeltl,3885,0.24,3885,0.0,7770,0.24
Dyson Daniels,2146,-1.63,2172,1.2,4318,-0.42
Kobi Simmons,58,-0.36,56,-0.13,114,-0.49
Kenyon Martin Jr.,4690,0.28,4656,-1.39,9346,-1.1
Yuta Watanabe,1898,0.29,1882,-0.55,3780,-0.26
Jordan McLaughlin,1442,0.35,1441,1.55,2883,1.9
A.J. Lawson,225,-0.6,228,-0.33,453,-0.93
Udoka Azubuike,764,-1.11,764,-0.27,1528,-1.38
Donte DiVincenzo,3986,0.41,3982,1.11,7968,1.52
Jabari Smith Jr.,4986,-1.55,4956,-1.64,9942,-3.19
Trevor Hudgins,54,0.0,55,0.17,109,0.17
Steven Adams,2318,1.79,2328,0.56,4646,2.35
Keldon Johnson,4259,-0.43,4271,-2.5,8530,-2.93
James Johnson,338,-0.59,341,0.6,679,0.01
Brandon Clarke,2271,-1.3,2283,0.45,4554,-0.85
Dru Smith,319,-0.65,316,0.12,635,-0.53
Nikola Vucevic,5523,0.13,5490,-0.7,11013,-0.56
Keon Johnson,839,-1.02,846,-1.27,1685,-2.29
LaMelo Ball,2680,1.04,2675,-1.41,5355,-0.36
Vernon Carey Jr.,58,-0.44,56,0.14,114,-0.3
AJ Griffin,2888,0.71,2896,0.43,5784,1.13
Olivier Sarr,231,-0.01,230,0.34,461,0.33
Trevelin Queen,147,-0.13,143,0.36,290,0.23
Grayson Allen,4086,0.05,4087,0.47,8173,0.52
Chimezie Metu,1451,0.63,1462,1.3,2913,1.93
RJ Barrett,4945,0.17,4974,-1.85,9919,-1.68
Nic Claxton,4476,1.42,4558,1.09,9034,2.5
Blake Griffin,1159,0.13,1148,0.76,2307,0.89
Udonis Haslem,148,-0.18,151,-0.16,299,-0.34
Joshua Primo,199,0.2,202,0.07,401,0.27
Richaun Holmes,715,-1.33,705,-0.6,1420,-1.93
Harrison Barnes,5475,1.75,5470,0.44,10945,2.19
Jabari Walker,1259,-0.92,1263,-0.16,2522,-1.08
Mark Williams,1717,-0.95,1717,0.61,3434,-0.34
Terrence Ross,2731,0.06,2699,-1.36,5430,-1.3
Davion Mitchell,2917,0.0,2999,0.33,5916,0.33
Kyrie Irving,4479,2.17,4450,0.02,8929,2.19
Malcolm Hill,18,0.08,23,0.25,41,0.33
Trent Forrest,556,-0.81,562,-0.35,1118,-1.16
Bones Hyland,2142,0.05,2145,-2.05,4287,-1.99
Isaiah Jackson,2181,-0.55,2184,-0.4,4365,-0.95
Michael Carter-Williams,86,-0.16,86,-0.4,172,-0.56
Isaiah Livers,2387,-0.61,2387,-0.27,4774,-0.88
Jaden McDaniels,4936,0.85,4936,0.71,9872,1.56
Otto Porter Jr.,298,-0.22,292,-0.41,590,-0.63
Malaki Branham,3253,-0.31,3268,-1.7,6521,-2.0
Chuma Okeke,1048,-0.94,1056,-1.14,2104,-2.08
Frank Ntilikina,1202,0.29,1227,1.16,2429,1.45
Caleb Houstan,1637,-0.58,1640,-0.51,3277,-1.08
Julian Champagnie,672,-0.01,677,-0.68,1349,-0.69
Cody Zeller,430,-0.1,428,-0.76,858,-0.86
Domantas Sabonis,5600,1.71,5590,-0.89,11190,0.82
Dennis Smith Jr.,2821,-2.08,2831,3.14,5652,1.06
Shaedon Sharpe,3636,-0.78,3646,-2.04,7282,-2.82
Jared Rhoden,397,0.57,392,0.25,789,0.82
Jevon Carter,3692,-1.18,3756,1.5,7448,0.32
KZ Okpala,499,-0.71,530,1.01,1029,0.3
Pascal Siakam,5312,1.17,5295,0.05,10607,1.22
Paul Reed,1500,-0.03,1522,-0.25,3022,-0.28
Joe Harris,3092,-0.87,3055,-1.16,6147,-2.02
Doug McDermott,2784,-0.29,2743,-2.01,5527,-2.29
Ish Smith,806,-0.89,805,0.54,1611,-0.35
Tre Mann,2444,-1.1,2405,0.62,4849,-0.48
Torrey Craig,3874,-0.51,3908,-1.51,7782,-2.02
Nassir Little,1950,0.05,1968,-1.71,3918,-1.66
Sam Merrill,117,-0.32,116,0.11,233,-0.21
Andre Drummond,1702,-0.84,1730,0.84,3432,0.0
Kevon Harris,925,-0.01,935,0.54,1860,0.53
Taj Gibson,942,0.09,936,-0.04,1878,0.05
Evan Fournier,930,-0.99,935,-0.39,1865,-1.38
Kris Dunn,1216,0.01,1214,-0.58,2430,-0.56
Mitchell Robinson,3130,1.74,3153,0.51,6283,2.25
